{
  "final_val_accuracy": 1.0,
  "final_val_loss": 0.0002064431098135953,
  "final_train_loss": 0.001035761506500421,
  "num_epochs": 25,
  "num_params": 70146,
  "d_model": 64,
  "num_heads": 4,
  "num_layers": 2
}