model,pixel_accuracy,mean_iou,dice_score,num_params,epochs
U-Net,0.9999873821551983,0.999787822898172,0.9998938655942174,1948388,5
ViT-Segmenter,0.9982886681189904,0.9876600864698521,0.9937686094192706,624644,20
