model,pixel_accuracy,mean_iou,dice_score,num_params,epochs
U-Net,0.9999873821551983,0.999787822898172,0.9998938655942174,1948388,5
ViT-Segmenter,0.9542283278245193,0.6198309281670757,0.67252172754906,122324,10
