{
  "pixel_accuracy": 0.9982886681189904,
  "mean_iou": 0.9876600864698521,
  "dice_score": 0.9937686094192706,
  "best_epoch": 18,
  "best_miou_during_training": 0.9876600864698521,
  "final_train_loss": 0.15138538122177125,
  "final_val_loss": 0.14915264283235258,
  "num_params": 624644,
  "num_epochs": 20,
  "patch_size": 8,
  "d_model": 128,
  "num_heads": 8,
  "num_layers": 4,
  "dim_feedforward": 256
}