{
  "test_accuracy": 0.9012,
  "final_val_accuracy": 0.911,
  "final_train_loss": 0.24414896936778208,
  "final_val_loss": 0.24108733918438566,
  "num_params": 824650,
  "num_epochs": 3,
  "batch_size": 64,
  "lr": 0.001
}